sample_id,label,measure,khai,nguyen,duy,tai,agree
BDD05,area/driveable,count,1,1,1,1,1
BDD05,area/driveable,attr:area_type,direct,direct,direct,direct,1
BDD05,area/driveable,attr:needs_review,false,false,false,false,1
BDD05,area/driveable,attr:state,clear,clear,clear,clear,1
BDD10,area/driveable,count,1,1,1,1,1
BDD10,area/driveable,attr:area_type,direct,direct,direct,direct,1
BDD10,area/driveable,attr:needs_review,false,false,false,false,1
BDD10,area/driveable,attr:state,clear,clear,clear,clear,1
BDD13,area/driveable,count,1,1,1,1,1
BDD13,area/driveable,attr:area_type,direct,direct,direct,direct,1
BDD13,area/driveable,attr:needs_review,false,false,false,false,1
BDD13,area/driveable,attr:state,clear,clear,clear,clear,1
BDD19,area/driveable,count,1,1,1,1,1
BDD19,area/driveable,attr:area_type,direct,direct,direct,direct,1
BDD19,area/driveable,attr:needs_review,false,false,false,false,1
BDD19,area/driveable,attr:state,clear,clear,clear,clear,1
BDD21,area/driveable,count,1,1,1,1,1
BDD21,area/driveable,attr:area_type,direct,direct,direct,direct,1
BDD21,area/driveable,attr:needs_review,false,false,false,false,1
BDD21,area/driveable,attr:state,clear,clear,clear,clear,1
