sample_id,decision_id,expected,severity,kind,peer_evidence,correct,note
BDD01,d1,label=area/driveable x1; area_type=direct; state=clear; needs_review=false,major,decision,area/driveable [area_type=direct;needs_review=false;state=clear],1,
BDD01,d2,geometry: polygon ≥10 điểm; bám sát vạch sơn,minor,geometry,area/driveable [area_type=direct;needs_review=false;state=clear],1,
BDD18,d1,label=area/driveable; area_type=direct; state=clear,major,decision,area/driveable [area_type=direct;needs_review=false;state=clear],0,Peer bỏ sót needs_review=true cho vùng tối đêm (BDD18 là ảnh đêm)
BDD18,d2,geometry: phủ kín qua vệt phản quang,minor,geometry,area/driveable [area_type=direct;needs_review=false;state=clear],1,
BDD25,d1,label=area/driveable; area_type=direct; state=ambiguous,major,decision,area/driveable [area_type=direct;needs_review=false;state=clear],0,Peer sai state: expected ambiguous but got clear
BDD25,d2,geometry: phủ liên tục không đứt,critical,geometry,area/driveable [area_type=direct;needs_review=false;state=clear],1,
BDD24,d1,ESCALATE; image_escalate,critical,decision,area/driveable [area_type=direct;needs_review=false;state=clear],0,Peer không ESCALATE, đã vẽ area/driveable thay vì bỏ trống
BDD24,d2,geometry: không bao gồm vùng tuyết,critical,geometry,area/driveable [area_type=direct;needs_review=false;state=clear],1,
BDD23,d1,ESCALATE; needs_review=true; state=ambiguous,major,decision,area/driveable [area_type=direct;needs_review=false;state=clear],0,Peer không ESCALATE và sai state (expected ambiguous, needs_review=true)
BDD23,d2,geometry: polygon phủ phần nhìn thấy,minor,geometry,area/driveable [area_type=direct;needs_review=false;state=clear],1,
