sample_id,decision_id,expected,severity,rationale,
BDD18,d1,class=drivable_area (CVAT: road); LABEL visible areas only; needs_review=true for dark regions,major,Đường đêm: chỉ label vùng nhìn thấy, dùng needs_review cho vùng tối
BDD18,d2,geometry: polygon ôm toàn bộ làn nhìn thấy; tolerance 2px mỗi cạnh,minor,theo mục 3 geometry rule,
BDD18,d3,class=drivable_area (CVAT: road); IGNORE sidewalk and curb,critical,Vỉa hè và mép vỉa hè không phải drivable area,
BDD18,d4,attribute:needs_review=true for occluded boundary,major,Vùng biên bị xe che, đánh dấu needs_review
BDD21,d1,class=drivable_area (CVAT: road); IGNORE area behind guardrail,critical,Guardrail là ranh giới, vùng phía sau không phải drivable area nếu không có bằng chứng
BDD21,d2,class=drivable_area (CVAT: road); LABEL continuous road through intersection,major,Giao lộ vẫn là drivable area liên tục,
BDD21,d3,geometry: do not extend polygon beyond visible boundary,minor,Không mở rộng polygon ra ngoài vùng nhìn thấy,
BDD22,d1,class=drivable_area (CVAT: road); IGNORE reflection on wet surface,critical,Reflection trên mặt đường ướt không phải drivable area thật,
BDD22,d2,class=drivable_area (CVAT: road); LABEL all visible lanes,major,BDD22 có nhiều làn, label hết vùng drivable
BDD19,d1,class=drivable_area (CVAT: road); count=2; separate lanes at merge point,major,BDD19 có merge point, tách thành 2 polygon riêng biệt
BDD19,d2,attribute:state=clear for all visible drivable_area,minor,Không có ambiguity ở BDD19,
BDD19,d3,geometry: polygon must follow lane markings at merge,minor, At merge point, polygon theo vạch kẻ làn
